mRNA window,prediction,pos1,pos2
GGUGAGCAAGGGCGAGGAGC,0.07,2,22
GGCGAGGAGCUGUUCACCGG,0.01,12,32
UGUUCACCGGGGUGGUGCCC,0.0,22,42
GGUGGUGCCCAUCCUGGUCG,0.0,32,52
AUCCUGGUCGAGCUGGACGG,0.0,42,62
AGCUGGACGGCGACGUAAAC,0.0,52,72
CGACGUAAACGGCCACAAGU,0.0,62,82
GGCCACAAGUUCAGCGUGUC,0.0,72,92
UCAGCGUGUCCGGCGAGGGC,0.0,82,102
CGGCGAGGGCGAGGGCGAUG,0.0,92,112
GAGGGCGAUGCCACCUACGG,0.0,102,122
CCACCUACGGCAAGCUGACC,0.03,112,132
CAAGCUGACCCUGAAGUUCA,0.01,122,142
CUGAAGUUCAUCUGCACCAC,0.02,132,152
UCUGCACCACCGGCAAGCUG,0.02,142,162
CGGCAAGCUGCCCGUGCCCU,0.01,152,172
CCCGUGCCCUGGCCCACCCU,0.0,162,182
GGCCCACCCUCGUGACCACC,0.01,172,192
CGUGACCACCCUGACCUACG,0.02,182,202
CUGACCUACGGCGUGCAGUG,0.0,192,212
GCGUGCAGUGCUUCAGCCGC,0.0,202,222
CUUCAGCCGCUACCCCGACC,0.14,212,232
CUUCAGCCGCUACCCCGACC,0.16,212,232
UACCCCGACCACAUGAAGCA,0.11,222,242
UACCCCGACCACAUGAAGCA,0.11,222,242
ACAUGAAGCAGCACGACUUC,0.0,232,252
GCACGACUUCUUCAAGUCCG,0.01,242,262
UUCAAGUCCGCCAUGCCCGA,0.01,252,272
CCAUGCCCGAAGGCUACGUC,0.01,262,282
AGGCUACGUCCAGGAGCGCA,0.01,272,292
CAGGAGCGCACCAUCUUCUU,0.04,282,302
CCAUCUUCUUCAAGGACGAC,0.02,292,312
CAAGGACGACGGCAACUACA,0.08,302,322
GGCAACUACAAGACCCGCGC,0.11,312,332
GGCAACUACAAGACCCGCGC,0.11,312,332
AGACCCGCGCCGAGGUGAAG,0.02,322,342
CGAGGUGAAGUUCGAGGGCG,0.01,332,352
UUCGAGGGCGACACCCUGGU,0.0,342,362
ACACCCUGGUGAACCGCAUC,0.02,352,372
GAACCGCAUCGAGCUGAAGG,0.0,362,382
GAGCUGAAGGGCAUCGACUU,0.03,372,392
GCAUCGACUUCAAGGAGGAC,0.02,382,402
CAAGGAGGACGGCAACAUCC,0.03,392,412
GGCAACAUCCUGGGGCACAA,0.0,402,422
UGGGGCACAAGCUGGAGUAC,0.02,412,432
GCUGGAGUACAACUACAACA,0.06,422,442
AACUACAACAGCCACAACGU,0.06,432,452
GCCACAACGUCUAUAUCAUG,0.04,442,462
CUAUAUCAUGGCCGACAAGC,0.03,452,472
GCCGACAAGCAGAAGAAUGG,0.05,462,482
AGAAGAAUGGCAUCAAGGUG,0.02,472,492
CAUCAAGGUGAACUUCAAGA,0.04,482,502
AACUUCAAGAUCCGCCACAA,0.08,492,512
UCCGCCACAACAUCGAGGAC,0.08,502,522
CAUCGAGGACGGCAGCGUGC,0.02,512,532
GGCAGCGUGCAGCUCGCCGA,0.0,522,542
AGCUCGCCGACCACUACCAG,0.09,532,552
CCACUACCAGCAGAACACCC,0.38,542,562
CCACUACCAGCAGAACACCC,0.28,542,562
CAGAACACCCCCAUCGGCGA,0.16,552,572
CAGAACACCCCCAUCGGCGA,0.22,552,572
CCAUCGGCGACGGCCCCGUG,0.02,562,582
GGCGACGGCCCCGUGCUGCU,0.04,567,587
CGGCCCCGUGCUGCUGCCCG,0.01,572,592
CGGCCCCGUGCUGCUGCCCG,0.04,572,592
CCGUGCUGCUGCCCGACAAC,0.13,577,597
CUGCUGCCCGACAACCACUA,0.14,582,602
CUGCUGCCCGACAACCACUA,0.13,582,602
GCCCGACAACCACUACCUGA,0.15,587,607
ACAACCACUACCUGAGCACC,0.13,592,612
ACAACCACUACCUGAGCACC,0.17,592,612
ACAACCACUACCUGAGCACC,0.25,592,612
CACUACCUGAGCACCCAGUC,0.21,597,617
CCUGAGCACCCAGUCCGCCC,0.27,602,622
CCUGAGCACCCAGUCCGCCC,0.26,602,622
GCACCCAGUCCGCCCUGAGC,0.25,607,627
CAGUCCGCCCUGAGCAAAGA,0.09,612,632
CAGUCCGCCCUGAGCAAAGA,0.13,612,632
CGCCCUGAGCAAAGACCCCA,0.25,617,637
UGAGCAAAGACCCCAACGAG,0.13,622,642
UGAGCAAAGACCCCAACGAG,0.1,622,642
AAAGACCCCAACGAGAAGCG,0.15,627,647
CCCCAACGAGAAGCGCGAUC,0.09,632,652
CCCCAACGAGAAGCGCGAUC,0.14,632,652
CAACGAGAAGCGCGAUCACA,0.1,635,655
ACGAGAAGCGCGAUCACAUG,0.06,637,657
AAGCGCGAUCACAUGGUCCU,0.04,642,662
ACAUGGUCCUGCUGGAGUUC,0.0,652,672
GCUGGAGUUCGUGACCGCCG,0.01,662,682
GUGACCGCCGCCGGGAUCAC,0.0,672,692
CCGGGAUCACUCUCGGCAUG,0.0,682,702
UCUCGGCAUGGACGAGCUGU,0.0,692,712
GACGAGCUGUACAAGAAGCU,0.01,702,722
ACAAGAAGCUUAGCCAUGGC,0.01,712,732
UAGCCAUGGCUUCCCGCCGG,0.04,722,742
UUCCCGCCGGAGGUGGAGGA,0.0,732,752
AGGUGGAGGAGCAGGAUGAU,0.03,742,762
GCAGGAUGAUGGCACGCUGC,0.0,752,772
GGCACGCUGCCCAUGUCUUG,0.0,762,782
CCAUGUCUUGUGCCCAGGAG,0.01,772,792
UGCCCAGGAGAGCGGGAUGG,0.04,782,802
AGCGGGAUGGACCGUCACCC,0.01,792,812
ACCGUCACCCUGCAGCCUGU,0.01,802,822
UGCAGCCUGUGCUUCUGCUA,0.0,812,832
GCUUCUGCUAGGAUCAAUGU,0.03,822,842
GGAUCAAUGUGUAGCUCGAG,0.01,832,852
GUAGCUCGAGUCUAGAGGGC,0.05,842,862
UCUAGAGGGCCCGUUUAAAC,0.04,852,872
CCGUUUAAACCCGCUGAUCA,0.05,862,882
CCGCUGAUCAGCCUCGACUG,0.03,872,892
GCCUCGACUGUGCCUUCUAG,0.01,882,902
UGCCUUCUAGUUGCCAGCCA,0.01,892,912
UUGCCAGCCAUCUGUUGUUU,0.04,902,922
UCUGUUGUUUGCCCCUCCCC,0.15,912,932
UCUGUUGUUUGCCCCUCCCC,0.22,912,932
GCCCCUCCCCCGUGCCUUCC,0.08,922,942
CGUGCCUUCCUUGACCCUGG,0.04,932,952
UUGACCCUGGAAGGUGCCAC,0.04,942,962
AAGGUGCCACUCCCACUGUC,0.11,952,972
AAGGUGCCACUCCCACUGUC,0.25,952,972
UCCCACUGUCCUUUCCUAAU,0.13,962,982
UCCCACUGUCCUUUCCUAAU,0.11,962,982
CUUUCCUAAUAAAAUGAGGA,0.01,972,992
AAAAUGAGGAAAUUGCAUCG,0.08,982,1002
AAAAUGAGGAAAUUGCAUCG,0.05,982,1002
